Category,ID,Parameter,Value,Unit

System,0,Ts,10,us
System,0,f_base,50,Hz
System,0,V_base,220,kV
System,0,P_base,120,MVA

Converter,1,P_set,1,pu
Converter,1,L_vsc,0.0350141,H
Converter,1,C_vsc,3.18E-08,F
Converter,1,R_vsc,0.55,Ohm
Converter,1,R_vsc2,0.55,Ohm
Converter,1,L_vsc2,0.0350141,H
Converter,1,Kp_outer_V,0.00295399223075727,pu
Converter,1,Ki_outer_V,563.545719883777,pu/s
Converter,1,Kp_outer_P,5.89917970554757,pu
Converter,1,Ki_outer_P,638.975089137213,pu/s
Converter,1,Kp_inner_d,1.05492113652844,pu
Converter,1,Ki_inner_d,2889.11993848483,pu/s
Converter,1,Kp_inner_q,1.48067674482452,pu
Converter,1,Ki_inner_q,2912.68514193143,pu/s
Converter,1,Kp_pll,7.42007278098019,pu
Converter,1,Ki_pll,6.18790253608525,pu/s
Converter,1,T1,1.94472507430466,s
Converter,1,T2,2.25055981418168,s

Converter,2,P_set,0,pu
Converter,2,L_vsc,0.0350141,H
Converter,2,C_vsc,3.18E-08,F
Converter,2,R_vsc,0.55,Ohm
Converter,2,R_vsc2,0.55,Ohm
Converter,2,L_vsc2,0.0350141,H
Converter,2,Kp_outer_V,0.00295399223075727,pu
Converter,2,Ki_outer_V,563.545719883777,pu/s
Converter,2,Kp_outer_P,5.89917970554757,pu
Converter,2,Ki_outer_P,638.975089137213,pu/s
Converter,2,Kp_inner_d,1.05492113652844,pu
Converter,2,Ki_inner_d,2889.11993848483,pu/s
Converter,2,Kp_inner_q,1.48067674482452,pu
Converter,2,Ki_inner_q,2912.68514193143,pu/s
Converter,2,Kp_pll,7.42007278098019,pu
Converter,2,Ki_pll,6.18790253608525,pu/s
Converter,2,T1,1.94472507430466,s
Converter,2,T2,2.25055981418168,s

Line,1,R_line,2e-4,Ohm
Line,1,L_line,8e-6,H
Line,1,C_line,2e-9,F

Grid,1,SCR,10,pu
Grid,1,XR,7,pu
