Name,Value,Unit
Ts,10,us
f_base,50,Hz
V_base,220,kV
P_base,120,MVA
L_vsc,0.0350141,H
C_filt,3.18E-08,F
R_vsc,0.55,Ohm
R_filt,7.57,Ohm
R_grid,10.3709,Ohm
L_grid,0.231081,H
Kp_outer_V,0.00295399223075727,pu
Ki_outer_V,563.545719883777,pu/s
Kp_outer_P,5.89917970554757,pu
Ki_outer_P,638.975089137213,pu/s
Kp_inner_d,1.05492113652844,pu
Ki_inner_d,2889.11993848483,pu/s
Kp_inner_q,1.48067674482452,pu
Ki_inner_q,2912.68514193143,pu/s
Kp_pll,7.42007278098019,pu
Ki_pll,6.18790253608525,pu/s
T1,1.94472507430466,s
T2,2.25055981418168,s
SCR,10,pu
XR,7,pu